{"cameraMode":{"drawMode":0,"name":"Shaded","section":"Shading Mode"},"sceneLighting":true,"audioPlay":false,"sceneViewState":{"showFog":true,"showMaterialUpdate":false,"showSkybox":false,"showFlares":true,"showImageEffects":true,"showParticleSystems":true},"in2DMode":false,"pivot":{"x":0.2111504077911377,"y":-0.1284492015838623,"z":0.5944709777832031},"rotation":{"x":0.1459140181541443,"y":0.8442818522453308,"z":-0.2880786061286926,"w":0.42773687839508059},"size":1.5037145614624024,"orthographic":false}