{"cameraMode":{"drawMode":0,"name":"Shaded","section":"Shading Mode"},"sceneLighting":false,"audioPlay":false,"sceneViewState":{"showFog":true,"showMaterialUpdate":false,"showSkybox":false,"showFlares":true,"showImageEffects":true,"showParticleSystems":true},"in2DMode":false,"pivot":{"x":1.0480676889419556,"y":-0.23134788870811463,"z":-0.7982159852981567},"rotation":{"x":0.02837253361940384,"y":0.9290732741355896,"z":-0.07290328294038773,"w":0.3615458905696869},"size":2.81168270111084,"orthographic":false}