{"cameraMode":{"drawMode":0,"name":"Shaded","section":"Shading Mode"},"sceneLighting":true,"audioPlay":false,"sceneViewState":{"showFog":true,"showMaterialUpdate":false,"showSkybox":false,"showFlares":true,"showImageEffects":true,"showParticleSystems":true},"in2DMode":false,"pivot":{"x":-0.4076247215270996,"y":0.5903863906860352,"z":-0.10054540634155274},"rotation":{"x":-0.08672261983156204,"y":0.7751274704933167,"z":-0.10908208042383194,"w":-0.6162444949150086},"size":0.8295826315879822,"orthographic":false}