{"cameraMode":{"drawMode":0,"name":"Shaded","section":"Shading Mode"},"sceneLighting":true,"audioPlay":false,"sceneViewState":{"showFog":true,"showMaterialUpdate":false,"showSkybox":false,"showFlares":true,"showImageEffects":true,"showParticleSystems":true},"in2DMode":false,"pivot":{"x":-0.0005600000149570406,"y":-0.0005300000193528831,"z":0.0029100000392645599},"rotation":{"x":0.1247028335928917,"y":0.7311513423919678,"z":-0.13896074891090394,"w":0.6561990976333618},"size":3.980379343032837,"orthographic":false}