{"cameraMode":{"drawMode":0,"name":"Shaded","section":"Shading Mode"},"sceneLighting":false,"audioPlay":false,"sceneViewState":{"showFog":true,"showMaterialUpdate":false,"showSkybox":false,"showFlares":true,"showImageEffects":true,"showParticleSystems":true},"in2DMode":false,"pivot":{"x":4.616814613342285,"y":-1.4717941284179688,"z":-6.521751880645752},"rotation":{"x":0.2824277877807617,"y":0.7165824770927429,"z":-0.42841005325317385,"w":0.4725080728530884},"size":5.143637657165527,"orthographic":false}