{"cameraMode":{"drawMode":0,"name":"Shaded","section":"Shading Mode"},"sceneLighting":true,"audioPlay":false,"sceneViewState":{"showFog":true,"showMaterialUpdate":false,"showSkybox":false,"showFlares":true,"showImageEffects":true,"showParticleSystems":true},"in2DMode":false,"pivot":{"x":0.9571933746337891,"y":0.5903863906860352,"z":-0.24213504791259767},"rotation":{"x":0.07110275328159332,"y":0.8969405293464661,"z":-0.15656150877475739,"w":0.4073466956615448},"size":12.12435531616211,"orthographic":false}