{"cameraMode":{"drawMode":0,"name":"Shaded","section":"Shading Mode"},"sceneLighting":true,"audioPlay":false,"sceneViewState":{"showFog":true,"showMaterialUpdate":false,"showSkybox":true,"showFlares":true,"showImageEffects":true,"showParticleSystems":true},"in2DMode":false,"pivot":{"x":-2.7865335941314699,"y":0.5805191993713379,"z":-1.2372446060180665},"rotation":{"x":-0.15419407188892365,"y":0.008938949555158615,"z":-0.0012769987806677819,"w":-0.9880598783493042},"size":10.608811378479004,"orthographic":false}