{"cameraMode":{"drawMode":0,"name":"Shaded","section":"Shading Mode"},"sceneLighting":true,"audioPlay":false,"sceneViewState":{"showFog":true,"showMaterialUpdate":false,"showSkybox":false,"showFlares":true,"showImageEffects":true,"showParticleSystems":true},"in2DMode":false,"pivot":{"x":-0.350561261177063,"y":0.01774299144744873,"z":-0.10414695739746094},"rotation":{"x":0.0645555779337883,"y":0.9352703094482422,"z":-0.23663948476314546,"w":0.2552553415298462},"size":1.8037145137786866,"orthographic":false}