{"cameraMode":{"drawMode":0,"name":"Shaded","section":"Shading Mode"},"sceneLighting":false,"audioPlay":false,"sceneViewState":{"showFog":true,"showMaterialUpdate":false,"showSkybox":false,"showFlares":true,"showImageEffects":true,"showParticleSystems":true},"in2DMode":false,"pivot":{"x":0.009079992771148682,"y":0.5807624459266663,"z":0.01916230469942093},"rotation":{"x":0.022628813982009889,"y":0.9694432020187378,"z":-0.22372867166996003,"w":0.09805294126272202},"size":0.8368179798126221,"orthographic":false}