{"cameraMode":{"drawMode":0,"name":"Shaded","section":"Shading Mode"},"sceneLighting":true,"audioPlay":false,"sceneViewState":{"showFog":true,"showMaterialUpdate":false,"showSkybox":true,"showFlares":true,"showImageEffects":true,"showParticleSystems":true},"in2DMode":false,"pivot":{"x":202.51531982421876,"y":769.3175659179688,"z":4.603461742401123},"rotation":{"x":0.06771588325500488,"y":-0.038983214646577838,"z":0.0025346113834530117,"w":0.9970749020576477},"size":167.70509338378907,"orthographic":false}